{
  "step": 8000,
  "timestamp": 1772363892.9013617,
  "ar_perplexity": 25.58151735514796,
  "diff_loss": 5.604128112792969,
  "s1_token_accuracy": 0.1327081085567267,
  "conf_accuracy": 0.8804419040679932,
  "conf_ece": 0.01678807175238686,
  "conf_auroc": 0.7578608935505066
}