{
  "step": 30000,
  "timestamp": 1772463783.6503587,
  "ar_perplexity": 28.50453942281836,
  "diff_loss": 4.330359516143798,
  "s1_token_accuracy": 0.23310475503022648,
  "conf_accuracy": 0.8568798899650574,
  "conf_ece": 0.009363064537673374,
  "conf_auroc": 0.860466711500563
}