{
  "step": 10000,
  "timestamp": 1772372608.9150863,
  "ar_perplexity": 26.501819027517218,
  "diff_loss": 5.41019082069397,
  "s1_token_accuracy": 0.14699713009364496,
  "conf_accuracy": 0.8766642212867737,
  "conf_ece": 0.010956317638820398,
  "conf_auroc": 0.79091685931489
}