{
  "step": 27000,
  "timestamp": 1772446685.6988907,
  "ar_perplexity": 28.79428721056389,
  "diff_loss": 4.387233922481537,
  "s1_token_accuracy": 0.23938922938340074,
  "conf_accuracy": 0.8508310317993164,
  "conf_ece": 0.005491477492242325,
  "conf_auroc": 0.8559849141131556
}