{
  "step": 44000,
  "timestamp": 1772530397.4069395,
  "ar_perplexity": 27.194306104546186,
  "diff_loss": 4.31985221862793,
  "s1_token_accuracy": 0.24223268558743702,
  "conf_accuracy": 0.8563252687454224,
  "conf_ece": 0.0071094995768577795,
  "conf_auroc": 0.8713727878365874
}