{
  "step": 20000,
  "timestamp": 1772416187.964007,
  "ar_perplexity": 28.781021964461118,
  "diff_loss": 4.610955948829651,
  "s1_token_accuracy": 0.22284515374561464,
  "conf_accuracy": 0.854019045829773,
  "conf_ece": 0.005290121745833006,
  "conf_auroc": 0.8472944395464527
}