{
  "step": 38000,
  "timestamp": 1772504253.3101425,
  "ar_perplexity": 27.63711293804435,
  "diff_loss": 4.439659743309021,
  "s1_token_accuracy": 0.23892839452275608,
  "conf_accuracy": 0.8566295504570007,
  "conf_ece": 0.009396129154927607,
  "conf_auroc": 0.8673541912266793
}