{
  "step": 23000,
  "timestamp": 1772429259.147151,
  "ar_perplexity": 28.8044111577012,
  "diff_loss": 4.724250936508179,
  "s1_token_accuracy": 0.21482745389381905,
  "conf_accuracy": 0.8634244799613953,
  "conf_ece": 0.008196552003309465,
  "conf_auroc": 0.8573488520068505
}