{
  "step": 16000,
  "timestamp": 1772398757.293608,
  "ar_perplexity": 28.210512593300113,
  "diff_loss": 4.338653287887573,
  "s1_token_accuracy": 0.24289748111601545,
  "conf_accuracy": 0.8411808609962463,
  "conf_ece": 0.004897030322975514,
  "conf_auroc": 0.848688795690638
}