{
  "step": 22000,
  "timestamp": 1772424902.0342257,
  "ar_perplexity": 28.840952695934387,
  "diff_loss": 4.394802393913269,
  "s1_token_accuracy": 0.23941259296700124,
  "conf_accuracy": 0.8490414619445801,
  "conf_ece": 0.006950899221871097,
  "conf_auroc": 0.8569832045121408
}