{
  "step": 26000,
  "timestamp": 1772442329.2120519,
  "ar_perplexity": 28.762973338253254,
  "diff_loss": 4.361674304008484,
  "s1_token_accuracy": 0.23621934268932432,
  "conf_accuracy": 0.8549612164497375,
  "conf_ece": 0.0086010260940325,
  "conf_auroc": 0.8631452780332263
}