{
  "step": 17000,
  "timestamp": 1772403115.6120512,
  "ar_perplexity": 28.38465099826896,
  "diff_loss": 4.358846015930176,
  "s1_token_accuracy": 0.24421826184347553,
  "conf_accuracy": 0.8422179818153381,
  "conf_ece": 0.006781168845367523,
  "conf_auroc": 0.8501212699280278
}