{
  "step": 15000,
  "timestamp": 1772394399.3200798,
  "ar_perplexity": 28.203013662072628,
  "diff_loss": 4.7925337266921995,
  "s1_token_accuracy": 0.201776448861138,
  "conf_accuracy": 0.8603289127349854,
  "conf_ece": 0.004850563644365599,
  "conf_auroc": 0.8427812792345575
}