{
  "step": 9000,
  "timestamp": 1772368250.8522055,
  "ar_perplexity": 25.99613192555881,
  "diff_loss": 5.483059277534485,
  "s1_token_accuracy": 0.1365027783513021,
  "conf_accuracy": 0.8823756575584412,
  "conf_ece": 0.010891252456522458,
  "conf_auroc": 0.7841441981062265
}