{
  "step": 4000,
  "ar_perplexity": 23.62081466542993,
  "diff_loss": 6.265132331848145,
  "s1_token_accuracy": 0.08188798554652213,
  "conf_accuracy": 0.9188166260719299,
  "conf_ece": 0.01300221908410175,
  "conf_auroc": 0.6707623049299977,
  "timestamp": 1772359110.4986854,
  "reeval": true
}