{
  "step": 1000,
  "ar_perplexity": 21.216454285525984,
  "diff_loss": 6.863245344161987,
  "s1_token_accuracy": 0.04833505813599562,
  "conf_accuracy": 0.951664924621582,
  "conf_ece": 0.0030286990214619313,
  "conf_auroc": 0.5592036549830696,
  "timestamp": 1772359023.2739196,
  "reeval": true
}