{
  "step": 6000,
  "ar_perplexity": 24.658709205248492,
  "diff_loss": 5.982545337677002,
  "s1_token_accuracy": 0.10045505932871623,
  "conf_accuracy": 0.9036775231361389,
  "conf_ece": 0.013110017327851919,
  "conf_auroc": 0.7148398267954381,
  "timestamp": 1772359146.7907546,
  "reeval": true
}