{
  "step": 5000,
  "ar_perplexity": 24.332360791753118,
  "diff_loss": 6.109869832992554,
  "s1_token_accuracy": 0.09313969112964088,
  "conf_accuracy": 0.9086549878120422,
  "conf_ece": 0.011276547987464778,
  "conf_auroc": 0.6951242958931878,
  "timestamp": 1772359128.9670863,
  "reeval": true
}