{
  "step": 100,
  "ar_perplexity": 22.164361699142773,
  "diff_loss": 7.6886562061309816,
  "s1_token_accuracy": 0.03355556490283503,
  "conf_accuracy": 0.9664444327354431,
  "conf_ece": 0.0030159326073177463,
  "conf_auroc": 0.49733490451960194,
  "timestamp": 1772358994.1404972,
  "reeval": true
}