{
  "step": 7000,
  "ar_perplexity": 25.08423834715726,
  "diff_loss": 5.826961221694947,
  "s1_token_accuracy": 0.11810966417842678,
  "conf_accuracy": 0.8894004821777344,
  "conf_ece": 0.009817255118969002,
  "conf_auroc": 0.7249770005458059,
  "timestamp": 1772359164.707644,
  "reeval": true
}