step,ar_perplexity,diff_loss,s1_token_accuracy,conf_accuracy,conf_ece,conf_auroc
1000,21.42584742382306,6.7375634765625,0.050498088516394646,0.9495019316673279,0.0019055068316717297,0.5565362148349093
2000,22.610493465187115,6.530506010055542,0.06725274725274726,0.9327374696731567,0.0042305428699404915,0.613599198964045
3000,23.46186627466019,6.419250593185425,0.07562847805710136,0.9245826601982117,0.006645786456314587,0.6491259052437761
4000,24.359920433494384,5.778615455627442,0.11486087626442014,0.8935635685920715,0.010545343658442886,0.7479522227013127
5000,25.566754697633794,4.9655506134033205,0.17986660349163539,0.8645442128181458,0.003073648828330834,0.8238735674244145
6000,26.439066061516453,5.122327976226806,0.17527970587303096,0.8708202838897705,0.005180027330391838,0.8301590010958945
7000,27.121364867752035,5.125487370491028,0.1791106993978694,0.869646430015564,0.00808255867921857,0.8327230610097144
8000,27.578540164704183,4.65328369140625,0.2109676293517145,0.85756915807724,0.007138996330544842,0.8449139998966172
9000,28.0552425637911,5.015760712623596,0.18881086467820807,0.8698077201843262,0.005736255289019441,0.8427055473150182
