step,ar_perplexity,diff_loss,s1_token_accuracy,conf_accuracy,conf_ece,conf_auroc
1000,21.29393263291104,6.748923568725586,0.05038781061608587,0.9496122002601624,0.005658126882663734,0.5568819285319565
2000,22.525231431743872,6.542974071502686,0.06436122079631458,0.9356387853622437,0.0035709579957204137,0.6131044291856658
