step,ar_perplexity,diff_loss,s1_token_accuracy,conf_accuracy,conf_ece,conf_auroc
1000,21.29393263291104,6.748923568725586,0.05038781061608587,0.9496122002601624,0.005658126882663734,0.5568819285319565
2000,22.525231431743872,6.542974071502686,0.06436122079631458,0.9356387853622437,0.0035709579957204137,0.6131044291856658
3000,23.173674407079975,6.379887962341309,0.07569680235812097,0.9244990944862366,0.010043251515609348,0.6384087590008956
4000,23.712992884112833,6.292705974578857,0.0845947636493611,0.9161022305488586,0.010858045232119164,0.6718059077948694
5000,24.346244910410793,6.120730791091919,0.09130195577325809,0.9109697341918945,0.008231218857778295,0.6954674924040319
