step,ar_perplexity,diff_loss,s1_token_accuracy,conf_accuracy,conf_ece,conf_auroc
1000,21.287761171408608,6.750854816436767,0.04982723128951625,0.9501727819442749,0.0038374352135769874,0.5548574823104254
