{
  "step": 39000,
  "timestamp": 1772508610.6216826,
  "ar_perplexity": 27.528364603289322,
  "diff_loss": 4.491004419326782,
  "s1_token_accuracy": 0.24088853747127573,
  "conf_accuracy": 0.8546037077903748,
  "conf_ece": 0.006660150013260265,
  "conf_auroc": 0.8648978279880556
}