{
  "step": 25000,
  "timestamp": 1772437972.5560725,
  "ar_perplexity": 28.733937449027287,
  "diff_loss": 4.210573573112487,
  "s1_token_accuracy": 0.24656455225297041,
  "conf_accuracy": 0.8480146527290344,
  "conf_ece": 0.006173648138422406,
  "conf_auroc": 0.8605136799995043
}