{
  "step": 48000,
  "timestamp": 1772547828.0670764,
  "ar_perplexity": 26.93575663987297,
  "diff_loss": 4.469511280059814,
  "s1_token_accuracy": 0.22839608696374297,
  "conf_accuracy": 0.8556694388389587,
  "conf_ece": 0.009300778384318534,
  "conf_auroc": 0.8546648823459722
}