{
  "step": 32000,
  "timestamp": 1772477045.8007207,
  "ar_perplexity": 28.27597881384757,
  "diff_loss": 4.581490936279297,
  "s1_token_accuracy": 0.22918322734499205,
  "conf_accuracy": 0.8557150959968567,
  "conf_ece": 0.00855740491348572,
  "conf_auroc": 0.859537860510601
}