{
  "step": 47000,
  "timestamp": 1772543470.256555,
  "ar_perplexity": 27.000124301816403,
  "diff_loss": 4.2293564486503605,
  "s1_token_accuracy": 0.24824766875372956,
  "conf_accuracy": 0.851708710193634,
  "conf_ece": 0.010865394891379129,
  "conf_auroc": 0.8682568627790915
}