{
  "step": 45000,
  "timestamp": 1772534755.24526,
  "ar_perplexity": 27.11708882351562,
  "diff_loss": 4.071250593662262,
  "s1_token_accuracy": 0.272828445308993,
  "conf_accuracy": 0.8449891805648804,
  "conf_ece": 0.006754769488026951,
  "conf_auroc": 0.8738266722080935
}