{
  "step": 2000,
  "ar_perplexity": 22.439308106407378,
  "diff_loss": 6.6051567268371585,
  "s1_token_accuracy": 0.0617453880333669,
  "conf_accuracy": 0.9382545948028564,
  "conf_ece": 0.0011977546010707558,
  "conf_auroc": 0.6081337635540908,
  "timestamp": 1772359051.9709406,
  "reeval": true
}