{
  "step": 19000,
  "timestamp": 1772411831.0138261,
  "ar_perplexity": 28.56343965553148,
  "diff_loss": 4.500859513282776,
  "s1_token_accuracy": 0.23463348004249507,
  "conf_accuracy": 0.8470713496208191,
  "conf_ece": 0.006295552389224164,
  "conf_auroc": 0.8506609063120686
}