{
  "step": 35000,
  "timestamp": 1772490120.3451302,
  "ar_perplexity": 27.74809358241374,
  "diff_loss": 3.9821659612655638,
  "s1_token_accuracy": 0.2847317878530328,
  "conf_accuracy": 0.8338462114334106,
  "conf_ece": 0.009010635435085682,
  "conf_auroc": 0.8671277764380427
}