{
  "step": 50,
  "ar_perplexity": 22.432696972818082,
  "diff_loss": 7.906823482513428,
  "s1_token_accuracy": 0.03667770533650695,
  "conf_accuracy": 0.9633222818374634,
  "conf_ece": 0.048084491329096896,
  "conf_auroc": 0.5024083853209782,
  "timestamp": 1772358965.1662228,
  "reeval": true
}