{
  "step": 36000,
  "timestamp": 1772495534.4949274,
  "ar_perplexity": 27.769320768868614,
  "diff_loss": 4.335276899337768,
  "s1_token_accuracy": 0.24192576310844827,
  "conf_accuracy": 0.854566216468811,
  "conf_ece": 0.011440592115120192,
  "conf_auroc": 0.8634466183830846
}