{
  "step": 33000,
  "timestamp": 1772481406.6815915,
  "ar_perplexity": 28.115089339164225,
  "diff_loss": 4.2435350465774535,
  "s1_token_accuracy": 0.2587567679198355,
  "conf_accuracy": 0.842077374458313,
  "conf_ece": 0.009793822216985307,
  "conf_auroc": 0.860448151754325
}