{
  "step": 40000,
  "timestamp": 1772512967.9888852,
  "ar_perplexity": 27.397772167881,
  "diff_loss": 4.212067065238952,
  "s1_token_accuracy": 0.26954151573265145,
  "conf_accuracy": 0.8439342379570007,
  "conf_ece": 0.009640811658867555,
  "conf_auroc": 0.8698455478747102
}