{
  "step": 18000,
  "timestamp": 1772407473.1591253,
  "ar_perplexity": 28.444687484282166,
  "diff_loss": 4.464801301956177,
  "s1_token_accuracy": 0.22973098416352597,
  "conf_accuracy": 0.8502404093742371,
  "conf_ece": 0.007730711729547258,
  "conf_auroc": 0.8494520848632747
}