{
  "step": 49000,
  "timestamp": 1772552185.601681,
  "ar_perplexity": 26.928729850145594,
  "diff_loss": 4.439485158920288,
  "s1_token_accuracy": 0.2357542084201475,
  "conf_accuracy": 0.8549458980560303,
  "conf_ece": 0.009224012524271965,
  "conf_auroc": 0.8607858465137656
}