{
  "step": 43000,
  "timestamp": 1772526040.2332065,
  "ar_perplexity": 27.259909948714945,
  "diff_loss": 4.027462320327759,
  "s1_token_accuracy": 0.2752119027007487,
  "conf_accuracy": 0.8429684638977051,
  "conf_ece": 0.009025588151859587,
  "conf_auroc": 0.8696548893362487
}