{
  "step": 11000,
  "timestamp": 1772376967.147742,
  "ar_perplexity": 26.850393352513958,
  "diff_loss": 5.43523256778717,
  "s1_token_accuracy": 0.15279694123514254,
  "conf_accuracy": 0.8732441067695618,
  "conf_ece": 0.006233795376730009,
  "conf_auroc": 0.7920143807345199
}