{
  "step": 29000,
  "timestamp": 1772459425.6772645,
  "ar_perplexity": 28.46460388474133,
  "diff_loss": 4.307130961418152,
  "s1_token_accuracy": 0.24050242037290998,
  "conf_accuracy": 0.8515625596046448,
  "conf_ece": 0.007699556806868379,
  "conf_auroc": 0.8629855992429536
}