{
  "step": 34000,
  "timestamp": 1772485763.4277422,
  "ar_perplexity": 27.92214613316574,
  "diff_loss": 4.355801696777344,
  "s1_token_accuracy": 0.24730255384111158,
  "conf_accuracy": 0.8482185006141663,
  "conf_ece": 0.006376717162923132,
  "conf_auroc": 0.8592719066827189
}