{
  "step": 31000,
  "timestamp": 1772468139.707822,
  "ar_perplexity": 28.19868177717991,
  "diff_loss": 4.544101324081421,
  "s1_token_accuracy": 0.21939570660097532,
  "conf_accuracy": 0.8611348271369934,
  "conf_ece": 0.0076800489501746925,
  "conf_auroc": 0.8596199895739182
}