{
  "step": 13000,
  "timestamp": 1772385683.5614655,
  "ar_perplexity": 27.414608175833667,
  "diff_loss": 4.748262739181518,
  "s1_token_accuracy": 0.20309077389923835,
  "conf_accuracy": 0.8485561013221741,
  "conf_ece": 0.017635171549218315,
  "conf_auroc": 0.8206255820442974
}