{
  "step": 12000,
  "timestamp": 1772381325.9958503,
  "ar_perplexity": 27.17741307448249,
  "diff_loss": 5.0928543138504025,
  "s1_token_accuracy": 0.17194125745754935,
  "conf_accuracy": 0.8648003935813904,
  "conf_ece": 0.017290826006260362,
  "conf_auroc": 0.8142835765701507
}