{
  "step": 28000,
  "timestamp": 1772451042.2322927,
  "ar_perplexity": 28.68073883330274,
  "diff_loss": 3.962768359184265,
  "s1_token_accuracy": 0.28743784218192775,
  "conf_accuracy": 0.8301170468330383,
  "conf_ece": 0.005671647668417733,
  "conf_auroc": 0.857777444729753
}