{
  "step": 21000,
  "timestamp": 1772420545.0101922,
  "ar_perplexity": 28.791201379302482,
  "diff_loss": 4.733173308372497,
  "s1_token_accuracy": 0.20191693827492355,
  "conf_accuracy": 0.8634118437767029,
  "conf_ece": 0.009074503049879785,
  "conf_auroc": 0.8458844734212392
}