{
  "step": 3000,
  "ar_perplexity": 23.15717832908101,
  "diff_loss": 6.337554922103882,
  "s1_token_accuracy": 0.07972916542385014,
  "conf_accuracy": 0.9207082986831665,
  "conf_ece": 0.0071386913570511655,
  "conf_auroc": 0.6449278720878863,
  "timestamp": 1772359081.2387745,
  "reeval": true
}