{
  "step": 46000,
  "timestamp": 1772539112.7052488,
  "ar_perplexity": 27.050028008689413,
  "diff_loss": 4.214348471164703,
  "s1_token_accuracy": 0.26453424210052356,
  "conf_accuracy": 0.8413482904434204,
  "conf_ece": 0.009202856168803297,
  "conf_auroc": 0.8615485043353007
}