{
  "step": 37000,
  "timestamp": 1772499896.3943238,
  "ar_perplexity": 27.67445331406689,
  "diff_loss": 4.234561603069306,
  "s1_token_accuracy": 0.2547600778029587,
  "conf_accuracy": 0.8428683876991272,
  "conf_ece": 0.009576805494503007,
  "conf_auroc": 0.8557147388799686
}