{
  "step": 14000,
  "timestamp": 1772390041.6066828,
  "ar_perplexity": 27.86518083308217,
  "diff_loss": 5.013737921714783,
  "s1_token_accuracy": 0.1876400977829658,
  "conf_accuracy": 0.8636705875396729,
  "conf_ece": 0.00491287211522268,
  "conf_auroc": 0.8377166469451354
}