{
  "step": 24000,
  "timestamp": 1772433616.2988403,
  "ar_perplexity": 28.686940357875294,
  "diff_loss": 4.3521837139129635,
  "s1_token_accuracy": 0.23628051568071684,
  "conf_accuracy": 0.8514583706855774,
  "conf_ece": 0.00732204016402624,
  "conf_auroc": 0.8580310311990846
}