{
  "step": 42000,
  "timestamp": 1772521682.860085,
  "ar_perplexity": 27.293485945380105,
  "diff_loss": 4.458572382926941,
  "s1_token_accuracy": 0.23602366433658883,
  "conf_accuracy": 0.8541305065155029,
  "conf_ece": 0.007787276304620618,
  "conf_auroc": 0.8568960522254877
}