{
  "step": 41000,
  "timestamp": 1772517325.4147632,
  "ar_perplexity": 27.362282421989644,
  "diff_loss": 4.120714056491852,
  "s1_token_accuracy": 0.2760930503476646,
  "conf_accuracy": 0.8389548063278198,
  "conf_ece": 0.0054161107681119066,
  "conf_auroc": 0.8672587007081555
}