{
  "step": 50000,
  "timestamp": 1772556542.7500427,
  "ar_perplexity": 26.926205245984605,
  "diff_loss": 4.125324256420136,
  "s1_token_accuracy": 0.2866028367532167,
  "conf_accuracy": 0.8279528617858887,
  "conf_ece": 0.010297106032029664,
  "conf_auroc": 0.8541589053046789
}